,Specification Number,Specification description,Region,Type,Volume,Spend,Cluster name,Level 0,Level 1,Level 2,Level 3,Level 4,nc_Model 1,nc_Model 2,nc_Model 3,nc_Model 4,nt_Model 1,nt_Model 2,nt_Model 3,nct_Model 1,nct_Model 2,nct_Model 3,nct_Model 4
0,200000000035,Skimmed milk powder - Alpine origin,Global,ward_euclidean,27730300.0,92330801.92087965,,Ingredient,Dairy Products and Substitutes,Skim Milk Powder,Skim Milk Powder,Alpine SMP,28,34,28,2,18,5,18,29,6,29,0
1,200000000037,Whey powder,Global,ward_euclidean,8784350.0,13746519.735170398,,Ingredient,Dairy Products and Substitutes,Whey Ingredients,Whey Powder,Whey Powder,35,5,35,59,14,8,14,0,7,1,17
2,200000000039,DAIRY-Anhydrous milk fat - Standard - MEU - EEMEA,Global,ward_euclidean,8836716.0,70299355.99283805,,Ingredient,Dairy Products and Substitutes,Butterfat,Anhydrous Milk Fat,Anhydrous Milk Fat,27,11,27,3,23,7,23,51,8,51,58
3,200000000295,Dairy-Cream-Powder,Global,ward_euclidean,6600.0,42533.94606427629,,Ingredient,Dairy Products and Substitutes,Other Dairy,Other Dairy Powder,Specialty Powder,64,27,64,28,19,28,19,62,57,62,61
4,200000000298,Dairy-Sweetened condensed milk-skimmed,Global,ward_euclidean,510000.0,700508.0990535921,,Ingredient,Dairy Products and Substitutes,Liquid Dairy,Sweetened Condensed Milk,Sweetened Condensed Skim Milk,56,9,56,49,68,13,68,57,46,57,69
5,200000000304,Roller dried whole milk powder,Global,ward_euclidean,7089206.0,45396958.4625885,,Ingredient,Dairy Products and Substitutes,Whole Milk Powder,Whole Milk Powder,Whole Milk Powder,75,41,75,48,50,21,50,80,39,80,55
6,200000000317,Dairy-Blend-Powder,Global,ward_euclidean,62950.0,252013.99948764825,,Ingredient,Dairy Products and Substitutes,Whey Ingredients,Other Whey Ingredient,Other Whey Ingredient,6,2,6,20,78,4,78,24,0,24,6
7,200000000533,Lactose - Standard,Global,ward_euclidean,439975.0,542773.9348900283,,Ingredient,Dairy Products and Substitutes,Whey Ingredients,Lactose Powder,Lactose Powder,43,36,43,64,53,15,53,83,4,83,8
8,200000000538,Dairy-Butter 82%fat,Global,ward_euclidean,1225950.0,7837323.724205821,,Ingredient,Dairy Products and Substitutes,Butterfat,Butter,Butter,22,6,22,43,25,39,25,10,5,21,2
9,200000000685,Dairy-Sweetened condensed milk-whole,Global,ward_euclidean,76965.5,200593.8021522858,,Ingredient,Dairy Products and Substitutes,Liquid Dairy,Sweetened Condensed Milk,Sweetened Condensed Milk,2,32,2,21,9,13,9,4,24,10,19
10,200000000849,Dairy-Cream-Powder,Global,ward_euclidean,5050.0,46360.30216706852,,Ingredient,Dairy Products and Substitutes,Other Dairy,Other Dairy Powder,Specialty Powder,15,27,15,28,19,26,19,6,57,6,90
11,200000000860,Dairy-Sweetened condensed milk-skimmed,Global,ward_euclidean,414480.0,592251.1763926502,,Ingredient,Dairy Products and Substitutes,Liquid Dairy,Sweetened Condensed Milk,Sweetened Condensed Skim Milk,53,40,53,53,9,13,9,65,24,65,86
12,200000001104,DAIRY-Whey powder - Vegetarian,Global,ward_euclidean,27983955.0,39785346.40840113,,Ingredient,Dairy Products and Substitutes,Whey Ingredients,Whey Powder,Vegetarian Whey Powder,35,5,35,59,14,8,14,0,7,1,17
13,200000001271,MEALS ONLY-Natural Cheese-Block-Maasdam,Global,ward_euclidean,358736.596,1409733.725500097,,Ingredient,Dairy Products and Substitutes,Cheese,Natural Cheese,Other Natural Cheese,62,29,62,14,15,2,15,30,3,30,47
14,200000001297,CHEESE - POWDER-GRANA-PADANO-DOP- GRATED,Global,ward_euclidean,14100.0,138630.75329169957,,Ingredient,Dairy Products and Substitutes,Cheese,Natural Cheese,Other Natural Cheese,61,29,61,65,8,2,8,60,3,60,89
15,200000001571,MEALS ONLY-PASTA SAUCE - CHEESE - DRY MIX,Global,ward_euclidean,161246.0,860889.5574994575,,Ingredient,Dairy Products and Substitutes,Cheese,Cheese Ingredients,Cheese Powder,63,35,63,79,22,43,22,58,31,58,67
16,200000002141,Full Cream Milk Powder - Intl Spec,Global,ward_euclidean,2275425.0,9926123.57641159,,Ingredient,Dairy Products and Substitutes,Whole Milk Powder,Whole Milk Powder,Whole Milk Powder,21,7,21,6,44,1,44,25,1,25,0
17,200000002356,Anhydrous milk fat - Alpine origin,Global,ward_euclidean,12497690.0,82253370.59181213,,Ingredient,Dairy Products and Substitutes,Butterfat,Anhydrous Milk Fat,Alpine AMF,27,11,27,3,23,7,23,51,8,51,54
18,200000002845,Dairy-Whey Permeate Powder - low mineral,Global,ward_euclidean,5518375.0,6107988.038536997,,Ingredient,Dairy Products and Substitutes,Whey Ingredients,Whey Permeate Powder,Whey Permeate Powder,57,12,57,74,71,22,71,69,19,69,3
19,200000003198,Fat-sugar filling for Sandwich,Global,ward_euclidean,233060.0,1005767.4308673108,,Ingredient,Dairy Products and Substitutes,Other Dairy,Other Dairy,Other Dairy,34,18,34,45,17,11,17,26,10,26,85
20,200000003715,Skimmed milk powder-Standard-MEU-EEMEA (Global CREW Basis),Global,ward_euclidean,8724194.0,32129804.04871717,,Ingredient,Dairy Products and Substitutes,Skim Milk Powder,Skim Milk Powder,Skim Milk Powder,28,34,28,2,32,5,32,29,6,29,7
21,200000005771,Whole milk powder Spray dried -28% fat,Global,ward_euclidean,4299672.0,20068639.382854328,,Ingredient,Dairy Products and Substitutes,Whole Milk Powder,Whole Milk Powder,Whole Milk Powder,24,28,24,20,50,1,50,49,39,49,6
22,200000006001,Whey powder - Vegetarian,Global,ward_euclidean,4343200.0,6368086.702946596,,Ingredient,Dairy Products and Substitutes,Whey Ingredients,Whey Powder,Whey Powder,35,5,35,59,14,5,14,0,6,1,0
23,200000006002,MEALS ONLY-Dairy-Liquid-Cream for Processing-Heat Treated,Global,ward_euclidean,21646230.0,61343693.20158464,,Ingredient,Dairy Products and Substitutes,Liquid Dairy,Cream,Cream,14,3,14,12,20,40,20,32,50,32,73
24,200000006004,MEALS ONLY-Dairy-Liquid-Cow's-Milk-Untreated,Global,ward_euclidean,399447946.0,178293054.6517984,,Ingredient,Dairy Products and Substitutes,Liquid Dairy,Whole Milk,Whole Milk,4,9,4,29,0,6,0,5,50,5,22
25,200000006049,MEALS ONLY-Dairy-Liquid-Cream-Heat Treated,Global,ward_euclidean,15215820.0,42339507.23425491,,Ingredient,Dairy Products and Substitutes,Liquid Dairy,Cream,Cream,10,3,10,61,41,9,41,1,2,4,14
26,200000006051,MEALS ONLY - Dairy-Curd-Skimmed,Global,ward_euclidean,0.0,0.0,,Ingredient,Dairy Products and Substitutes,Other Dairy,Other Dairy,Other Dairy,4,9,4,62,60,46,60,5,2,5,74
27,200000006061,MEALS ONLY - Natural Cheese-Block-Mozzarella (max. 17days) 40%,Global,ward_euclidean,356843.0,1387263.613598457,,Ingredient,Dairy Products and Substitutes,Cheese,Natural Cheese,Other Natural Cheese,19,29,19,14,15,19,15,9,27,9,56
28,200000006062,MEALS ONLY-Natural Cheese-Block-Cheddar Type (Young)-50%-vegetarian,Global,ward_euclidean,1804603.0,7763325.941804253,,Ingredient,Dairy Products and Substitutes,Cheese,Natural Cheese,Other Natural Cheese,19,29,19,14,15,18,15,9,17,9,18
29,200000006077,MEALS ONLY-Natural Cheese-Block-Cheddar with Carotene 48%,Global,ward_euclidean,100933.01999999999,480839.56199421495,,Ingredient,Dairy Products and Substitutes,Cheese,Natural Cheese,Other Natural Cheese,19,29,19,89,8,2,8,9,3,9,1
30,200000006595,DAIRY-WHOLE MILK- RATHMORE,Global,ward_euclidean,73541884.0,38608853.52539918,,Ingredient,Dairy Products and Substitutes,Liquid Dairy,Whole Milk,Whole Milk,14,9,14,29,0,6,0,7,11,7,9
31,200000006604,Whole milk - Marlbrook,Global,ward_euclidean,181118707.01228988,82862644.26292422,,Ingredient,Dairy Products and Substitutes,Liquid Dairy,Whole Milk,Whole Milk,4,9,4,29,0,6,0,7,11,7,9
32,200000006982,DAIRY-WHEY POWDER,Global,ward_euclidean,346050.0,621278.667992398,,Ingredient,Dairy Products and Substitutes,Whey Ingredients,Whey Powder,Vegetarian Whey Powder,31,46,31,8,72,4,72,63,45,63,0
33,200000007304,"Dairy, liquid skim milk concentrate 35pc solids",Global,ward_euclidean,5332360.0,6039181.812576675,,Ingredient,Dairy Products and Substitutes,Liquid Dairy,Skim Milk,Skim Milk,14,9,14,29,16,6,16,7,11,7,44
34,200000007765,Processed Cheese Emmental preparation,Global,ward_euclidean,142921.0,625116.4184062659,,Ingredient,Dairy Products and Substitutes,Cheese,Processed Cheese,Processed Cheese,58,0,58,47,56,42,56,56,48,56,83
35,200000007781,DAIRY-AERATED ANHYDROUS MILK FAT,Global,ward_euclidean,1020480.0,7559301.76847529,,Ingredient,Dairy Products and Substitutes,Butterfat,Anhydrous Milk Fat,Anhydrous Milk Fat,5,6,5,72,4,35,4,2,34,2,81
36,200000007787,DAIRY-DRIED GRATED EMMENTAL WITHOUT STARCH- can only be used before a kill step,Global,ward_euclidean,996640.0,6681097.163056451,,Ingredient,Dairy Products and Substitutes,Cheese,Processed Cheese,Processed Cheese,62,29,62,90,52,2,52,30,3,30,60
37,200000007791,CARAMEL TYPE DULCHE DE LECHE,Global,ward_euclidean,14562.0,75353.91965884386,,Ingredient,Dairy Products and Substitutes,Liquid Dairy,Other Liquid Dairy,Other Liquid Dairy,0,16,0,69,58,0,58,82,24,82,57
38,200000007909,Whey powder - Standard,Global,ward_euclidean,3298950.0,4838994.3089992795,,Ingredient,Dairy Products and Substitutes,Whey Ingredients,Whey Powder,Whey Powder,81,5,81,59,14,8,14,0,7,1,17
39,200000007910,DAIRY-WHOLE MILK POWDER SPRAY DRIED - STANDARD,Global,ward_euclidean,8632645.0,33932642.82095822,,Ingredient,Dairy Products and Substitutes,Whole Milk Powder,Whole Milk Powder,Whole Milk Powder,24,28,24,9,50,1,50,49,39,49,6
40,200000007911,Dairy-Skimmed milk powder - Standard,Global,ward_euclidean,7668167.720000001,25795179.86103834,,Ingredient,Dairy Products and Substitutes,Skim Milk Powder,Skim Milk Powder,Skim Milk Powder,28,34,28,2,18,5,18,29,6,29,0
41,200000008031,DAIRY-YOGHURT-POWDER-WITH LIVE FERMENTS,Global,ward_euclidean,76500.0,622123.1417090815,,Ingredient,Dairy Products and Substitutes,Other Dairy,Other Dairy Powder,Yoghurt Powder,8,22,8,40,29,28,29,70,42,70,34
42,200000008460,MEALS ONLY-Cheese Scamorza Block 17kg,Global,ward_euclidean,44175.0,292769.8157129673,,Ingredient,Dairy Products and Substitutes,Cheese,Other Cheese,Other Cheese,19,29,19,14,8,2,8,9,3,9,84
43,200000008461,DY-CREAM CHEESE POWDER BLEND,Global,ward_euclidean,114000.0,1045170.1038434972,,Ingredient,Dairy Products and Substitutes,Cheese,Cheese Ingredients,Cheese Powder,3,37,3,58,22,12,22,33,0,33,10
44,200000010397,MEALS ONLY-Dairy-Liquid-High Kosher Cow's-Milk-Untreated,Global,ward_euclidean,820100.0,342023.6338606613,,Ingredient,Dairy Products and Substitutes,Liquid Dairy,Whole Milk,Whole Milk,4,9,4,29,0,6,0,5,50,5,22
45,200000010398,MEALS ONLY-Dairy-Liquid-High Kosher Cream-Heat Treated,Global,ward_euclidean,290380.0,915549.5764620173,,Ingredient,Dairy Products and Substitutes,Liquid Dairy,Cream,Cream,14,3,14,12,41,9,41,32,2,32,14
46,200000011234,Dairy-Caramilk Toffee Alpine,Global,ward_euclidean,97500.0,810283.7321332792,,Ingredient,Dairy Products and Substitutes,Other Dairy,Other Dairy Powder,Specialty Powder,2,10,2,70,2,26,2,4,32,10,76
47,200000000548,MEALS ONLY - Milk Powder-Non Fat-Spray Dried-Medium Heat,Global,ward_euclidean,464500.0,1604213.7442586583,,Ingredient,Dairy Products and Substitutes,Skim Milk Powder,Skim Milk Powder,Skim Milk Powder,25,1,25,2,32,5,32,46,6,46,0
48,200000000549,MEALS ONLY - Milk Powder-Buttermilk - For further processing,Global,ward_euclidean,1989150.0,6834885.527086952,,Ingredient,Dairy Products and Substitutes,Other Dairy,Other Dairy Powder,Butter Milk Powder,12,42,12,37,5,24,5,12,23,12,71
49,200000000583,MEALS ONLY - Curd-Cheddar Cheese-Semi Matured,Global,ward_euclidean,4128635.9959999993,17912394.68639499,,Ingredient,Dairy Products and Substitutes,Cheese,Natural Cheese,Other Natural Cheese,47,29,47,67,15,2,15,45,51,45,75
50,200000000632,DAIRY-POWDER-SKIM MILK,Global,ward_euclidean,18000.0,69614.44452614638,,Ingredient,Dairy Products and Substitutes,Skim Milk Powder,Skim Milk Powder,Skim Milk Powder,25,1,25,2,32,5,32,46,6,46,0
51,200000000633,Dairy-Whole Milk-Powder,Global,ward_euclidean,440000.0,1814495.2575285153,,Ingredient,Dairy Products and Substitutes,Whole Milk Powder,Whole Milk Powder,Whole Milk Powder,30,17,30,10,50,21,50,39,39,39,6
52,200000000646,MEALS ONLY - Suttontown Thermalised Cream,Global,ward_euclidean,10068732.209999997,23581590.08232162,,Ingredient,Dairy Products and Substitutes,Liquid Dairy,Cream,Cream,48,3,48,12,41,2,41,32,2,32,78
53,200000000710,DAIRY-POWDER-WHOLE MILK,Global,ward_euclidean,3000.0,14699.75992909091,,Ingredient,Dairy Products and Substitutes,Whole Milk Powder,Whole Milk Powder,Whole Milk Powder,46,7,46,6,44,1,44,48,1,48,0
54,200000000755,Dairy- Full Cream Milk Powder,Global,ward_euclidean,205975.0,840317.6698718955,,Ingredient,Dairy Products and Substitutes,Whole Milk Powder,Whole Milk Powder,Whole Milk Powder,21,7,21,6,44,1,44,25,1,25,0
55,200000000910,RETIRE Dairy-Granules-Rennet-HARMONIZE TO 10049066,Global,ward_euclidean,919600.0,8560986.134270633,,Ingredient,Dairy Products and Substitutes,Dairy Protein,Casein ,Rennet Casein,83,45,83,68,83,0,83,81,47,81,63
56,200000000920,"""MEALS ONLY""-Dairy-Powder-Whole Milk",Global,ward_euclidean,80000.0,372007.4130044066,,Ingredient,Dairy Products and Substitutes,Whole Milk Powder,Whole Milk Powder,Whole Milk Powder,46,7,46,6,69,1,69,48,1,48,0
57,200000001310,DAIRY-Anhydrous Milk Fat (AMF),Global,ward_euclidean,2807300.0,15636693.922320139,,Ingredient,Dairy Products and Substitutes,Butterfat,Anhydrous Milk Fat,Anhydrous Milk Fat,79,21,79,83,59,16,59,85,28,42,62
58,200000001456,Dairy-Skim Milk Powder Medium Heat 1% Fat,Global,ward_euclidean,3287540.0,13092701.159966158,,Ingredient,Dairy Products and Substitutes,Skim Milk Powder,Skim Milk Powder,Skim Milk Powder,18,1,18,2,32,5,32,20,6,20,0
59,200000001469,Whole Milk Powder,Global,ward_euclidean,723950.0,3261966.749999999,,Ingredient,Dairy Products and Substitutes,Whole Milk Powder,Whole Milk Powder,Whole Milk Powder,21,7,21,6,44,1,44,25,1,25,0
60,200000001729,Dairy-Whole Milk-Powder-Medium Heat,Global,ward_euclidean,461900.0,2265043.452995132,,Ingredient,Dairy Products and Substitutes,Whole Milk Powder,Whole Milk Powder,Whole Milk Powder,21,7,21,6,44,1,44,25,1,25,0
61,200000001741,Dairy-Lactose,Global,ward_euclidean,758564.0,1516322.4011572222,,Ingredient,Dairy Products and Substitutes,Whey Ingredients,Lactose Powder,Lactose Powder,11,8,11,1,6,15,6,23,4,23,8
62,200000002468,MEALS ONLY - EMC CHF403 Cheese flavour,Global,ward_euclidean,94300.0,1194394.2843150194,,Ingredient,Dairy Products and Substitutes,Cheese,Cheese Ingredients,Cheese Paste,7,3,7,55,43,32,43,16,38,16,59
63,200000002479,Dairy-Skimmed Milk Powder-Milka-Local-TR,Global,ward_euclidean,97950.0,328978.37186688784,,Ingredient,Dairy Products and Substitutes,Skim Milk Powder,Skim Milk Powder,Skim Milk Powder,6,2,6,25,30,0,30,24,15,24,6
64,200000002502,MEALS ONLY - Milk Fat Powder 200,Global,ward_euclidean,25800.0,185835.45189723317,,Ingredient,Dairy Products and Substitutes,Other Dairy,Other Dairy Powder,Specialty Powder,16,10,16,23,45,44,45,15,32,15,91
65,200000003201,Filling Compound for Tablets,Global,ward_euclidean,163160.0,624119.8617720816,,Ingredient,Dairy Products and Substitutes,Other Dairy,Other Dairy Powder,Specialty Powder,76,24,76,63,55,11,55,75,10,75,64
66,200000003380,Dairy-Whey Permeate - High mineral,Global,ward_euclidean,1319975.0,2040064.0985204407,,Ingredient,Dairy Products and Substitutes,Whey Ingredients,Whey Permeate Powder,Whey Permeate Powder,77,44,77,46,65,22,65,55,19,55,3
67,200000003485,Sweet Whey Powder-Veg-PROPOSED HARMONIZE TO 10084762,Global,ward_euclidean,225575.0,330565.5496862499,,Ingredient,Dairy Products and Substitutes,Whey Ingredients,Whey Powder,Vegetarian Whey Powder,74,12,74,4,80,25,80,54,14,54,12
68,200000003654,Fat-sugar filling for Barni,Global,ward_euclidean,56200.0,197827.16235336996,,Ingredient,Dairy Products and Substitutes,Other Dairy,Other Dairy,Other Dairy,54,39,54,54,17,11,17,53,10,53,77
69,200000003705,Dairy-Cheese Powder,Global,ward_euclidean,199300.0,2100503.4745305534,,Ingredient,Dairy Products and Substitutes,Cheese,Cheese Ingredients,Cheese Powder,70,4,70,50,3,12,3,76,13,76,10
70,200000003716,DAIRY-WHOLE MILK POWDER-STANDARD- EU-EEMEA (Global CREW Basis),Global,ward_euclidean,7295925.0,34166897.29558731,,Ingredient,Dairy Products and Substitutes,Whole Milk Powder,Whole Milk Powder,Whole Milk Powder,84,7,84,8,73,1,73,71,1,71,7
71,200000003780,RETIRED - Cheddar - Block - Young - Functional - GLOBAL - NOT USED IN ANY ACTIVE RECIPE.,Global,ward_euclidean,2320313.790000001,10100496.41358679,,Ingredient,Dairy Products and Substitutes,Cheese,Natural Cheese,Other Natural Cheese,55,47,55,19,48,20,48,52,20,52,16
72,200000004640,DAIRY- LIQUIDS-FRESH MILK WHITHOUT SUGAR,Global,ward_euclidean,122233.53600000004,128050.9163082608,,Ingredient,Dairy Products and Substitutes,Liquid Dairy,Whole Milk,Whole Milk,45,29,45,29,0,6,0,18,11,18,70
73,200000005021,Dairy-Cream Cheese Premix,Global,ward_euclidean,33990.0,128227.95013529593,,Ingredient,Dairy Products and Substitutes,Cheese,Cheese Ingredients,Cheese Powder,34,18,34,33,76,11,76,26,10,26,87
74,200000005555,Dairy-Full Cream Milk Powder (FCMP),Global,ward_euclidean,10622275.0,43233708.18555141,,Ingredient,Dairy Products and Substitutes,Whole Milk Powder,Whole Milk Powder,Whole Milk Powder,29,2,29,25,64,21,64,13,15,13,6
75,200000005557,DAIRY-MILK FAT-ANHYDROUS,Global,ward_euclidean,1861455.0,10581739.356103497,,Ingredient,Dairy Products and Substitutes,Butterfat,Anhydrous Milk Fat,Anhydrous Milk Fat,82,31,82,87,4,16,4,84,44,84,65
76,200000005558,Dairy-Skimmed Milk Preparation (28% Proteins),Global,ward_euclidean,360000.0,1319798.019767629,,Ingredient,Dairy Products and Substitutes,Skim Milk Powder,Skim Milk Powder,Skim Milk Powder,29,2,29,84,79,0,79,13,15,13,4
77,200000005561,DAIRY-Skimmed Milk Powder (for India),Global,ward_euclidean,8201050.0,30777365.97923715,,Ingredient,Dairy Products and Substitutes,Skim Milk Powder,Skim Milk Powder,Skim Milk Powder,25,1,25,2,18,5,18,46,6,46,0
78,200000005639,"Dairy, Lactose Powder",Global,ward_euclidean,73925.0,128295.79473214285,,Ingredient,Dairy Products and Substitutes,Whey Ingredients,Lactose Powder,Lactose Powder,11,8,11,1,6,15,6,23,4,23,8
79,200000005642,"Dairy, Skimmed Milk Powder",Global,ward_euclidean,95000.0,341680.83167984197,,Ingredient,Dairy Products and Substitutes,Skim Milk Powder,Skim Milk Powder,Skim Milk Powder,18,1,18,2,32,5,32,20,6,20,0
80,200000005704,Dairy-Whey-Sweet-Powder,Global,ward_euclidean,496875.0,838856.167194107,,Ingredient,Dairy Products and Substitutes,Whey Ingredients,Whey Powder,Whey Powder,11,23,11,30,7,4,7,23,4,23,42
81,200000005762,Dairy-Kefir Flavoured Fermented Milks Fermented Powder,Global,ward_euclidean,87700.0,725387.1705003835,,Ingredient,Dairy Products and Substitutes,Other Dairy,Other Dairy Powder,Yoghurt Powder,45,8,45,73,81,0,81,18,4,18,88
82,200000005993,MEALS ONLY - Acid-Liquid-Lactic 80%,Global,ward_euclidean,237975.0,357780.4119529256,,Ingredient,Dairy Products and Substitutes,Other Dairy,Osella,Osella,67,26,67,51,63,17,63,67,21,67,49
83,200000006076,MEALS ONLY - Natural Cheese-Block-Gouda 48%- 4 Weeks,Global,ward_euclidean,205638.575,778577.6768362012,,Ingredient,Dairy Products and Substitutes,Cheese,Natural Cheese,Other Natural Cheese,19,29,19,14,8,2,8,9,17,9,1
84,200000006192,Dairy-Butter-Block-Milk fat,Global,ward_euclidean,133375.0,746005.2548150028,,Ingredient,Dairy Products and Substitutes,Butterfat,Butter,Butter,5,6,5,0,25,39,25,2,5,2,2
85,200000006889,"EM INGREDIENT-Dairy, Milkfat, local",Global,ward_euclidean,1530.0,11753.900454545459,,Ingredient,Dairy Products and Substitutes,Butterfat,Anhydrous Milk Fat,Anhydrous Milk Fat,17,6,17,17,26,16,26,35,5,35,79
86,200000007039,DAIRY-SKIMMED MILK POWDER,Global,ward_euclidean,168700.0,582611.2455098054,,Ingredient,Dairy Products and Substitutes,Skim Milk Powder,Skim Milk Powder,Skim Milk Powder,25,1,25,2,18,5,18,46,6,46,0
87,200000007969,SWEETENED CONDENSED MILK,Global,ward_euclidean,98325.0,169411.5722078919,,Ingredient,Dairy Products and Substitutes,Liquid Dairy,Sweetened Condensed Milk,Sweetened Condensed Milk,0,16,0,21,9,13,9,27,24,27,19
88,200000008001,WHOLE MILK POWDER REPLACER V2,Global,ward_euclidean,36000.0,118436.2625249012,,Ingredient,Dairy Products and Substitutes,Whole Milk Powder,Whole Milk Powder,Whole Milk Powder,3,37,3,18,10,21,10,33,0,33,6
89,200000008029,SKIMMED MILK POWDER REPLACER,Global,ward_euclidean,131175.0,374298.1789773997,,Ingredient,Dairy Products and Substitutes,Other Dairy,Other Dairy Powder,Specialty Powder,3,37,3,18,62,26,62,33,0,33,6
90,200000008168,DAIRY MINERAL CONCENTRATE-Powder-CALCIUM 24%,Global,ward_euclidean,9600.0,86104.65825642005,,Ingredient,Dairy Products and Substitutes,Other Dairy,Other Dairy Powder,Specialty Powder,15,27,15,80,11,26,11,6,57,6,82
91,200000010631,Dairy-Shredded Mozzarella Cheese,Global,ward_euclidean,12000.0,86942.56774349755,,Ingredient,Dairy Products and Substitutes,Cheese,Processed Cheese,Processed Cheese,7,29,7,71,77,2,77,16,3,16,72
92,200000011015,Dairy-Cheese powder,Global,ward_euclidean,85400.0,993969.9395526793,,Ingredient,Dairy Products and Substitutes,Cheese,Cheese Ingredients,Cheese Powder,20,10,20,35,3,12,3,8,13,8,10
93,200000011146,MEALS ONLY- Natural Cheese-Block-Cheddar (6-9 months)-50%-vegetarian_V2,Global,ward_euclidean,484453.0,2049053.313494202,,Ingredient,Dairy Products and Substitutes,Cheese,Natural Cheese,Other Natural Cheese,19,47,19,19,85,18,85,9,17,9,18
94,200000000100,Dairy-Milk-Skimmed-Powder 1%,Global,ward_euclidean,14000.0,56167.44322230411,,Ingredient,Dairy Products and Substitutes,Skim Milk Powder,Skim Milk Powder,Skim Milk Powder,21,7,21,81,82,5,82,25,6,25,0
95,200000000108,Dairy-Swiss Cheese Powder,Global,ward_euclidean,600.0,8698.13009995914,,Ingredient,Dairy Products and Substitutes,Cheese,Cheese Ingredients,Cheese Powder,16,10,16,34,57,12,57,15,13,15,10
96,200000000141,Dairy-Whey-Sweet-Partly Demineralized-Powder(partly dSWP),Global,ward_euclidean,4940525.0,6368425.204076215,,Ingredient,Dairy Products and Substitutes,Whey Ingredients,Demineralized Whey Powder,Demineralized Whey Powder,73,33,73,5,12,38,12,59,36,59,27
97,200000000144,Dairy-Whole Milk-Powder,Global,ward_euclidean,7902950.0,31917505.211316638,,Ingredient,Dairy Products and Substitutes,Whole Milk Powder,Whole Milk Powder,Whole Milk Powder,30,17,30,10,84,45,84,39,37,39,68
98,200000000161,Dairy-Whey Permeate Powder,Global,ward_euclidean,7742025.0,6296506.326512359,,Ingredient,Dairy Products and Substitutes,Whey Ingredients,Whey Permeate Powder,Whey Permeate Powder,3,37,3,5,70,4,70,34,0,34,3
99,200000000214,Dairy-Fat-Butter Oil,Global,ward_euclidean,840651.0,5483764.380308873,,Ingredient,Dairy Products and Substitutes,Butterfat,Anhydrous Milk Fat,Anhydrous Milk Fat,72,19,72,86,24,16,24,74,5,74,2
100,200000000358,Butter,Global,ward_euclidean,33450.0,193331.734537342,,Ingredient,Dairy Products and Substitutes,Butterfat,Butter,Butter,22,6,22,43,25,3,25,10,5,21,2
101,200000000362,Milk Powder - Whole,Global,ward_euclidean,10000.0,49339.58266864005,,Ingredient,Dairy Products and Substitutes,Whole Milk Powder,Whole Milk Powder,Whole Milk Powder,1,14,1,52,10,21,10,21,0,0,6
102,200000000370,Dairy-Milk Powder-Skim Medium Temp,Global,ward_euclidean,12000.0,42968.70139817848,,Ingredient,Dairy Products and Substitutes,Skim Milk Powder,Skim Milk Powder,Skim Milk Powder,40,22,40,25,30,0,30,11,26,11,6
103,200000000789,MEALS ONLY - Skim Milk Powder - Low Heat,Global,ward_euclidean,0.0,0.0,,Ingredient,Dairy Products and Substitutes,Skim Milk Powder,Skim Milk Powder,Skim Milk Powder,12,42,12,30,30,41,30,12,26,12,6
104,200000000899,Milk Powder-Butter Milk- For further processing,Global,ward_euclidean,110125.0,410068.06428679434,,Ingredient,Dairy Products and Substitutes,Butterfat,Butter,Butter,29,2,29,37,5,41,5,13,15,13,6
105,200000001449,Dairy-Butter-Salted,Global,ward_euclidean,2500.0,14719.760195944411,,Ingredient,Dairy Products and Substitutes,Butterfat,Butter,Butter,5,6,5,0,74,3,74,2,5,2,2
106,200000001627,DAIRY-Lactose - Monohydrate,Global,ward_euclidean,1046400.0,1748176.5917373127,,Ingredient,Dairy Products and Substitutes,Whey Ingredients,Lactose Powder,Lactose Powder,42,8,42,1,6,15,6,14,4,14,8
107,200000001655,Dairy - Whey Powder S/ Desmineralized (permeato),Global,ward_euclidean,201600.0,215243.52999999997,,Ingredient,Dairy Products and Substitutes,Whey Ingredients,Whey Permeate Powder,Whey Permeate Powder,1,14,1,13,1,15,1,21,9,0,3
108,200000001661,BUTTER OIL-CREAMERY,Global,ward_euclidean,193150.0,1559316.7427523134,,Ingredient,Dairy Products and Substitutes,Butterfat,Anhydrous Milk Fat,Anhydrous Milk Fat,17,6,17,17,26,3,26,35,5,35,2
109,200000001662,BUTTER-SWEET-UNSALTED,Global,ward_euclidean,25200.0,161981.64190025057,,Ingredient,Dairy Products and Substitutes,Butterfat,Butter,Butter,22,6,22,43,25,3,25,10,5,21,2
110,200000001681,SKIM MILK POWDER (SPRAY DRIED),Global,ward_euclidean,129000.0,450349.36421186995,,Ingredient,Dairy Products and Substitutes,Skim Milk Powder,Skim Milk Powder,Skim Milk Powder,44,22,44,25,30,41,30,11,26,11,6
111,200000001689,DAIRY-POWDER-MILK-27 PERCENT MF,Global,ward_euclidean,700.0,2942.52048872727,,Ingredient,Dairy Products and Substitutes,Whole Milk Powder,Whole Milk Powder,Whole Milk Powder,44,22,44,20,10,21,10,34,26,34,40
112,200000001730,Dairy-Whole Milk-Powder-China,Global,ward_euclidean,87775.0,290339.17576624616,,Ingredient,Dairy Products and Substitutes,Whole Milk Powder,Whole Milk Powder,Whole Milk Powder,21,7,21,6,44,1,44,25,1,25,0
113,200000001974,Dairy-Skimmed Yoghurt-Powder,Global,ward_euclidean,55625.0,274584.247399683,,Ingredient,Dairy Products and Substitutes,Other Dairy,Other Dairy Powder,Yoghurt Powder,8,22,8,85,51,28,51,70,42,70,28
114,200000002005,Raw Milk Burnie,Global,ward_euclidean,14971138.286893679,6996787.649753988,,Ingredient,Dairy Products and Substitutes,Liquid Dairy,Whole Milk,Whole Milk,68,3,68,12,38,6,38,68,11,68,41
115,200000002123,"Dairy, Full Cream Milk Powder",Global,ward_euclidean,27675.0,97945.8105882057,,Ingredient,Dairy Products and Substitutes,Whole Milk Powder,Whole Milk Powder,Whole Milk Powder,21,7,21,6,44,1,44,25,1,25,0
116,200000003143,Dairy - Cheese - Powder,Global,ward_euclidean,17360.0,194880.09534199387,,Ingredient,Dairy Products and Substitutes,Cheese,Cheese Ingredients,Cheese Powder,59,45,59,26,31,12,31,64,3,64,35
117,200000003702,MODIFIED MILK INGREDIENTS,Global,ward_euclidean,230575.0,228849.60988019654,,Ingredient,Dairy Products and Substitutes,Other Dairy,Other Dairy Powder,Specialty Powder,44,22,44,13,1,41,1,11,26,11,4
118,200000006258,MEALS ONLY - WHOLE MILK - NON PASTEURIZED,Global,ward_euclidean,43920816.69072168,18581435.69160598,,Ingredient,Dairy Products and Substitutes,Liquid Dairy,Whole Milk,Whole Milk,36,9,36,29,0,10,0,37,12,37,20
119,200000006277,MEALS ONLY - SWEET CREAM - LIQUID - NON PASTEURIZED,Global,ward_euclidean,22153453.625,53886297.77510329,,Ingredient,Dairy Products and Substitutes,Liquid Dairy,Cream,Cream,13,3,13,12,20,10,20,17,12,17,20
120,200000006295,Dairy -Dulce de Leche- Creamy,Global,ward_euclidean,2094250.0,3592064.686322102,,Ingredient,Dairy Products and Substitutes,Other Dairy,Other Dairy,Other Dairy,23,15,23,66,28,31,28,22,43,22,80
121,200000006298,Dairy- Skimmed Milk- Powder,Global,ward_euclidean,130800.0,437677.4435333334,,Ingredient,Dairy Products and Substitutes,Skim Milk Powder,Skim Milk Powder,Skim Milk Powder,39,20,39,20,39,47,39,38,25,38,5
122,200000006299,Dairy-Whole Milk-Powder,Global,ward_euclidean,781475.0,2885496.0515588606,,Ingredient,Dairy Products and Substitutes,Whole Milk Powder,Whole Milk Powder,Whole Milk Powder,39,20,39,20,39,47,39,38,25,38,5
123,200000006300,Dairy- Whey Powder- Desmineralized,Global,ward_euclidean,131800.0,188752.33824133652,,Ingredient,Dairy Products and Substitutes,Whey Ingredients,Whey Powder,Whey Powder,33,8,33,5,7,4,7,61,4,61,21
124,200000006530,Cheddar Cheese-Young-local sourcing,Global,ward_euclidean,51924.0,241056.07920930607,,Ingredient,Dairy Products and Substitutes,Cheese,Natural Cheese,Other Natural Cheese,9,29,9,57,42,2,42,3,3,3,48
125,200000006540,MEALS ONLY - Cream-Liquid-Milk cream 40% fat,Global,ward_euclidean,2425720.0,5447538.501268737,,Ingredient,Dairy Products and Substitutes,Liquid Dairy,Cream,Cream,48,3,48,12,41,9,41,32,2,32,9
126,200000006541,MEALS ONLY - Milk-Liquid-Whole Raw Milk,Global,ward_euclidean,8527810.223999955,4508710.696281894,,Ingredient,Dairy Products and Substitutes,Liquid Dairy,Whole Milk,Whole Milk,48,9,48,29,0,14,0,7,16,7,66
127,200000008288,DAIRY-Whey-Spray Dried-Nonhygroscopic-Extra Grade,Global,ward_euclidean,232465.90005718172,387313.7499999999,,Ingredient,Dairy Products and Substitutes,Whey Ingredients,Whey Powder,Whey Powder,65,22,65,77,7,4,7,66,26,66,13
128,200000008411,DAIRY-POWDER-MILK-27 PERCENT,Global,ward_euclidean,2197300.9960000003,10976496.56707434,,Ingredient,Dairy Products and Substitutes,Whole Milk Powder,Whole Milk Powder,Whole Milk Powder,50,41,50,9,10,21,10,78,0,78,6
129,200000009319,MEALS ONLY - SKIMMED MILK - NON PASTEURIZED,Global,ward_euclidean,20551126.80000001,6491097.04113908,,Ingredient,Dairy Products and Substitutes,Liquid Dairy,Skim Milk,Skim Milk,36,9,36,29,16,6,16,37,2,37,9
130,200000011243,Dairy-Cheese Powder,Global,ward_euclidean,132200.0,737964.639678333,,Ingredient,Dairy Products and Substitutes,Cheese,Cheese Ingredients,Cheese Powder,20,10,20,24,27,12,27,8,13,8,10
131,200000000169,Dairy-Cheese Parmesan-Grated - Use only before a kill step,Global,ward_euclidean,3950.625,32038.41533129032,,Ingredient,Dairy Products and Substitutes,Cheese,Cheese Ingredients,Cheese Powder,41,29,41,31,75,12,75,41,3,41,52
132,200000000239,MEALS ONLY - MILK FAT-ANHYDROUS SFR,Global,ward_euclidean,22470.0,154654.5,,Ingredient,Dairy Products and Substitutes,Other Dairy,Other Dairy Powder,Butter Milk Powder,13,14,13,52,4,36,4,17,40,17,29
133,200000000268,Dairy-Blend-Powder,Global,ward_euclidean,5405.0,53474.53356778153,,Ingredient,Dairy Products and Substitutes,Other Dairy,Other Dairy Powder,Specialty Powder,6,2,6,4,11,26,11,24,15,24,6
134,200000000373,Whey Powder,Global,ward_euclidean,21225.0,34636.3299448168,,Ingredient,Dairy Products and Substitutes,Whey Ingredients,Whey Powder,Whey Powder,1,2,1,5,7,4,7,42,9,0,6
135,200000000521,Skimmed Milk Powder,Global,ward_euclidean,340000.0,1083240.823686053,,Ingredient,Dairy Products and Substitutes,Skim Milk Powder,Skim Milk Powder,Skim Milk Powder,28,34,28,2,18,5,18,29,6,29,0
136,200000000832,Dairy-Whole condensed milk with sugar,Global,ward_euclidean,715.0,1645.6272034090912,,Ingredient,Dairy Products and Substitutes,Liquid Dairy,Sweetened Condensed Milk,Sweetened Condensed Milk,10,32,10,78,36,13,36,1,56,4,33
137,200000000949,Dairy-Yoghurt-Skimmed-Powder,Global,ward_euclidean,71225.0,303928.55487887654,,Ingredient,Dairy Products and Substitutes,Other Dairy,Other Dairy Powder,Yoghurt Powder,6,2,6,40,29,28,29,24,42,24,34
138,200000001146,MEALS ONLY - Sour Cream,Global,ward_euclidean,2600.0,20868.088895454555,,Ingredient,Dairy Products and Substitutes,Other Dairy,Other Dairy,Other Dairy,66,29,66,41,46,2,46,73,3,73,51
139,200000001639,OIL-COCONUT-HYDROGENATED,Global,ward_euclidean,131839.8082006248,476715.8724193006,,Ingredient,Dairy Products and Substitutes,Butterfat,Butter,Butter,51,38,51,16,26,16,26,50,41,50,31
140,200000001680,WHEY POWDER,Global,ward_euclidean,82499.862,107541.35531742907,,Ingredient,Dairy Products and Substitutes,Whey Ingredients,Whey Powder,Whey Powder,40,22,40,5,7,4,7,11,26,11,6
141,200000003758,RETIRE - Cheddar - Block - Matured - Flavour - GLOBAL - NOT USED IN ANY ACTIVE RECIPE,Global,ward_euclidean,74140.81,307979.01107199996,,Ingredient,Dairy Products and Substitutes,Cheese,Natural Cheese,Other Natural Cheese,55,47,55,19,48,20,48,52,20,52,16
142,200000004514,DAIRY-UNSALTED BUTTER,Global,ward_euclidean,5500.0,36895.4469552111,,Ingredient,Dairy Products and Substitutes,Other Dairy,Other Dairy Powder,Butter Milk Powder,22,6,22,56,25,39,25,10,5,21,32
143,200000004924,Cheese Seasoning,Global,ward_euclidean,43975.0,327129.75,,Ingredient,Dairy Products and Substitutes,Cheese,Cheese Ingredients,Cheese Powder,32,13,32,32,67,12,67,47,29,47,15
144,200000005749,Dairy-Whey-Sweet,Global,ward_euclidean,15000.0,50659.054187890964,,Ingredient,Dairy Products and Substitutes,Whey Ingredients,Whey Powder,Whey Powder,5,6,5,42,54,4,54,2,0,2,6
145,200000006078,MEALS ONLY - Natural Cheese-Block-Mozzarella 39.2%,Global,ward_euclidean,79317.29999999999,313045.7274355721,,Ingredient,Dairy Products and Substitutes,Cheese,Natural Cheese,Other Natural Cheese,19,29,19,14,8,30,8,9,53,9,38
146,200000006276,MEALS ONLY - CHEDDAR CHEESE FOR MFG_Use ONLY BEFORE a kill step,Global,ward_euclidean,80167.905,408684.8099999999,,Ingredient,Dairy Products and Substitutes,Cheese,Natural Cheese,Other Natural Cheese,9,29,9,82,21,33,21,3,33,3,37
147,200000006280,MEALS ONLY - CHEDDAR CHEESE-LONGHOLD-UNCOLORED,Global,ward_euclidean,122406.4578055815,557595.5799999998,,Ingredient,Dairy Products and Substitutes,Cheese,Natural Cheese,Other Natural Cheese,1,14,1,36,21,2,21,21,55,0,45
148,200000006282,DAIRY-WHEY-POWDER,Global,ward_euclidean,117000.00008916197,312350.4919999999,,Ingredient,Dairy Products and Substitutes,Whey Ingredients,Whey Powder,Whey Powder,80,2,80,76,12,27,12,79,22,79,25
149,200000006297,EM Ingredient - Dairy -Dulce de Leche -for Tablet,Global,ward_euclidean,100675.0,170182.7936857142,,Ingredient,Dairy Products and Substitutes,Other Dairy,Other Dairy,Other Dairy,23,15,23,15,13,23,13,22,18,22,23
150,200000006443,Cheese Whey Powder,Global,ward_euclidean,4000.0,6401.463599999999,,Ingredient,Dairy Products and Substitutes,Whey Ingredients,Whey Powder,Whey Powder,26,23,26,30,7,4,7,19,0,19,6
151,200000007019,DAIRY-BUTTERMILK POWDER,Global,ward_euclidean,75000.0,341334.527269627,,Ingredient,Dairy Products and Substitutes,Other Dairy,Other Dairy Powder,Butter Milk Powder,52,23,52,44,61,26,61,43,13,43,50
152,200000000084,Foam Boosting Ingredient Vana Cappa B01,Global,ward_euclidean,7200.0,35129.46239928856,,Ingredient,Dairy Products and Substitutes,Other Dairy,Other Dairy Powder,Dairy Creamer,78,30,78,75,47,37,47,31,32,31,53
153,200000000487,MEALS ONLY - Skimmed Milk Powder,Global,ward_euclidean,101925.0,402540.0,,Ingredient,Dairy Products and Substitutes,Skim Milk Powder,Skim Milk Powder,Skim Milk Powder,37,25,37,27,34,5,34,40,6,40,36
154,200000000768,MEALS ONLY- Whey Powder Spray Dried,Global,ward_euclidean,162525.0,277018.8849852266,,Ingredient,Dairy Products and Substitutes,Whey Ingredients,Whey Powder,Vegetarian Whey Powder,42,2,42,88,7,4,7,14,9,14,6
155,200000001303,"DAIRY-Skim Milk Powder Med. Heat, Bulk",Global,ward_euclidean,81105.0,287635.8949999999,,Ingredient,Dairy Products and Substitutes,Skim Milk Powder,Skim Milk Powder,Skim Milk Powder,18,1,18,2,32,5,32,20,6,20,0
156,200000001568,Fat-Butter Oil,Global,ward_euclidean,33570.0,209630.55054764997,,Ingredient,Dairy Products and Substitutes,Other Dairy,Other Dairy Powder,Butter Milk Powder,69,19,69,60,24,16,24,36,35,36,24
157,200000002067,"Lactose, Refined Crystals",Global,ward_euclidean,750.0,68896.633138587,,Ingredient,Dairy Products and Substitutes,Whey Ingredients,Lactose Powder,Lactose Powder,45,8,45,1,40,15,40,18,4,18,8
158,200000003399,Palm Fat-non Hydrogenated,Global,ward_euclidean,345105.0,912027.6000000001,,Ingredient,Dairy Products and Substitutes,Butterfat,Butter,Butter,49,45,49,22,33,3,33,77,3,77,11
159,200000004516,DAIRY- BUTTER 82,Global,ward_euclidean,33000.0,245985.8277639501,,Ingredient,Dairy Products and Substitutes,Other Dairy,Other Dairy Powder,Butter Milk Powder,22,6,22,0,37,39,37,10,5,21,2
160,200000005573,Dairy-Lactose,Global,ward_euclidean,2745725.0,5479803.698972397,,Ingredient,Dairy Products and Substitutes,Whey Ingredients,Lactose Powder,Lactose Powder,60,43,60,1,35,15,35,72,4,72,8
161,200000006059,MEALS ONLY - Natural Cheese-Block-Cheddar Type(5-14months)-30%-vegetarian,Global,ward_euclidean,102900.0,530599.7021461073,,Ingredient,Dairy Products and Substitutes,Cheese,Natural Cheese,Other Natural Cheese,19,29,19,14,8,34,8,9,49,9,46
162,200000006512,Milk -Nonfat-Dry,Global,ward_euclidean,10450.0,14827.254273628818,,Ingredient,Dairy Products and Substitutes,Skim Milk Powder,Skim Milk Powder,Skim Milk Powder,40,22,40,25,30,0,30,11,0,11,6
163,200000006513,Sweet Whey-Powder,Global,ward_euclidean,16000.0,10985.713546941693,,Ingredient,Dairy Products and Substitutes,Whey Ingredients,Whey Powder,Whey Powder,38,3,38,11,49,4,49,28,54,28,21
164,200000006594,Skimmed milk - Rathmore,Global,ward_euclidean,3928173.0,1202305.47426108,,Ingredient,Dairy Products and Substitutes,Liquid Dairy,Skim Milk,Skim Milk,48,9,48,29,16,6,16,7,11,7,9
165,200000010271,MEALS ONLY-DAIRY-AU WHOLE MILK-LIQUID-UNPASTEURISED-BULK,Global,ward_euclidean,1717668.0,12.452841527860405,,Ingredient,Dairy Products and Substitutes,Liquid Dairy,Whole Milk,Whole Milk,48,9,48,29,0,6,0,7,11,7,26
166,200000010969,Dairy-Sweet Whey Powder-Veg - Replaces 200000003485,Global,ward_euclidean,354991.0,612702.489426085,,Ingredient,Dairy Products and Substitutes,Whey Ingredients,Whey Powder,Vegetarian Whey Powder,74,12,74,4,80,25,80,54,14,54,12
167,200000011118,Dairy-Chocolate Premix Powder (85:15),Global,ward_euclidean,25000.0,110944.0832951945,,Ingredient,Dairy Products and Substitutes,Other Dairy,Other Dairy Powder,Specialty Powder,20,10,20,38,2,26,2,8,32,8,43
168,200000011393,Dairy-Liquid-Cream-Heat Treated-IT,Global,ward_euclidean,500.0,1813.8744304653628,,Ingredient,Dairy Products and Substitutes,Liquid Dairy,Cream,Cream,71,3,71,7,20,29,20,44,30,44,39
169,200000011858,Dairy-Pasteurized-Full Cream Milk,Global,ward_euclidean,17763809.244789995,7832023.327004427,,Ingredient,Dairy Products and Substitutes,Liquid Dairy,Whole Milk,Whole Milk,48,9,48,29,0,6,0,7,11,7,9
170,200000012143,Dairy-Whey Protein Concentrate - for China,Global,ward_euclidean,80.0,2588.2447185093183,,Ingredient,Dairy Products and Substitutes,Whey Ingredients,Whey Protein Powder,Whey Protein Powder,26,23,26,39,66,15,66,19,52,19,30
